input_index,group,classifier_conf_free,classifier_conf_paid,markers_free,markers_paid,label,evidence_summary,reviewer_notes
18,high_free_conf,0.40,0.40,13,10,,,
24,high_free_conf,0.40,0.20,24,11,,,
50,high_free_conf,0.40,0.20,12,6,,,
8,high_free_conf,0.40,0.00,12,12,,,
39,high_free_conf,0.40,0.00,21,4,,,
48,high_free_conf,0.40,0.00,8,14,,,
72,high_free_conf,0.40,0.00,15,8,,,
89,high_free_conf,0.40,0.00,13,13,,,
96,high_free_conf,0.40,0.00,10,9,,,
22,mid_free_conf,0.20,0.00,8,6,,,
60,mid_free_conf,0.20,0.00,6,0,,,
81,mid_free_conf,0.20,0.00,3,12,,,
93,mid_free_conf,0.20,0.00,2,10,,,
62,paid_higher,0.00,0.40,0,18,,,
75,paid_higher,0.00,0.40,12,7,,,
23,paid_higher,0.00,0.20,8,16,,,
20,zero_conf,0.00,0.00,0,5,,,
30,zero_conf,0.00,0.00,0,6,,,
31,zero_conf,0.00,0.00,8,7,,,
74,zero_conf,0.00,0.00,4,20,,,
86,zero_conf,0.00,0.00,0,5,,,
99,zero_conf,0.00,0.00,4,8,,,
